input_text,target_text,corrected_text
john put under the bathtub.,John hid under the bathtub.  ,john put under the bathtub.
anson demonized up the khyber,Anson demonized his enemies up the Khyber.  ,anton demonized up the khyber
john perfectly learned french immediately.,John immediately learned French perfectly.  ,john perfectly learned french immediately.
wash you!,Clean yourself!  ,wash you!
some my jobs are in jeopardy.,Some of my jobs are in jeopardy.  ,some my jobs are in jeopardy.
it's probable in general that he understands what's going on.,"It is probable, in general, that he understands what is happening.  ",it's probable in general that he understands what's going on.
"the sooner you call, the more carefully i know a man that will word the letter.","The sooner you call, the more carefully I will know how to word the letter.  ","the sooner you call, the more carefully i know a man that will word the letter."
"i know which book max read, and which book oscar hasn't done so.","I know which book Max read, and which book Oscar hasn’t read.  ","i know which book max read, and which book oscar has't done so."
"this is the problem that you'll beat the competition more easily, the sooner you solve.",This is the problem that you will beat the competition more easily by solving.  ,"this is the problem that you'll beat the competition more easily, the sooner you solve."
"he seems to become more corrupt, as any senator talks to more lobbyists.",He seems to become more corrupt as any senator talks to more lobbyists.  ,"he seems to become more corrupt, as any senator talks to more lobbyists."
john wrote books.,John wrote books.  ,john wrote books.
"drowning cats, which is against the law, are hard to rescue.","Drowning cats, which is against the law, are difficult to rescue.  ","drowning cats, which is against the law, are hard to rescue."
john would be preferred to be the candidate.,John would be preferred as the candidate.  ,john would be preferred to be the candidate.
"i demand that the more john eat, the more he pays.","I demand that the more John eats, the more he pays.  ","i demand that the more john eat, the more he pays."
everyone hopes everyone to sleep.,Everyone hopes everyone else sleeps.  ,everyone hopes everyone to sleep.
john fed the baby rice up.,John fed the baby rice.  ,john fed the baby rice up.
"stories about himself seem to show up more on the evening news, the more that john gets upset by them.","The more John gets upset by the stories, the more they seem to show up in the evening news.  ","stories about himself seem to show up more on the evening news, the more that john gets upset by them."
i would like to could swim,I would like to be able to swim.  ,i would like to could swim
the problem's perception is quite thorough.,The perception of the problem is quite thorough.  ,the problem's perception is quite thorough.
carla slid at the book.,Carla slid the book across the table.  ,carla slid at the book.
i squeaked the door.,I squeaked the door open.  ,i squeaked the door.
the building is tall and tall.,The building is extremely tall.  ,the building is tall and tall.
"you eat the more, the more you want.","The more you eat, the more you want.  ","you eat the more, the more you want."
mary persuaded that he should rest bill.,Mary persuaded Bill that he should rest.  ,mary persuaded that he should rest bill.
i noticed kissing mary.,I noticed someone kissing Mary.  ,i noticed kissing mary.
"i remember john being discussed, but you recall sally being.","I remember John being discussed, but you recall Sally being discussed.  ","i remember john being discussed, but you recall sally being."
runs mary the marathon?,Does Mary run the marathon?  ,runs mary the marathon?
the fact that no candidate was elected shows that he was inadequate.,The fact that no candidate was elected shows that he was inadequate.  ,the fact that no candidate was elected shows that he was inadequate.
"immediately, john probably will clearly learn french perfectly.","Immediately, John will probably clearly learn French perfectly.  ","immediately, john probably will clearly learn french perfectly."
"clearly, john immediately will probably learn french perfectly.","Clearly, John will probably learn French perfectly immediately.  ","clearly, john immediately will probably learn french perfectly."
bill floated into the cave for hours.,Bill floated in the cave for hours.  ,bill floated into the cave for hours.
i thought he liked myself,I thought he liked me.  ,i thought he liked myself
janet broke bill on the finger.,Janet broke Bill’s finger.  ,janet broke bill on the finger.
"ron wanted to be wearing a tuxedo to the party, but caspar didn't know whether to be.","Ron wanted to be wearing a tuxedo to the party, but Caspar didn’t know whether he should be wearing one.  ","ron wanted to be wearing a tuxedo to the party, but caspar did't know whether to be."
"i will, if i can work on it.",I will work on it if I can.  ,"i will, if i can work on it."
"we gave any senator enough opportunity and, sure enough, he succumbed to corruption.","We gave any senator enough opportunity, and sure enough, he succumbed to corruption.  ","we gave any senator enough opportunity and, sure enough, he succumbed to corruption."
sees he i often mary?,Does he often see Mary?  ,sees he i often mary?
john tries him to win.,John tries to win.  ,john tries him to win.
ted cried to sleep.,Ted cried himself to sleep.  ,ted cried to sleep.
aunt mary made the boys all a good mother.,Aunt Mary made all the boys appreciate a good mother.  ,aunt mary made the boys all a good mother.
"which folks up at corporate headquarters do you think that the sooner you solve this problem, the quicker you'll be able to tell t to buzz off?",Which folks up at corporate headquarters do you think will be satisfied the sooner you solve this problem?  ,"which folks up at corporate headquarters do you think that the sooner you solve this problem, the quicker you'll be able to tell t to buzz off?"
the kettle bubbled water up.,The kettle bubbled over with water.  ,the kettle bubbled water up.
give the bottle to the baby awake.,Give the bottle to the baby while awake.  ,give the bottle to the baby awake.
how do you wonder which problem to solve?,How do you wonder which problem to solve?  ,how do you wonder which problem to solve?
the men arrived all.,All the men arrived.  ,the men arrived all.
did the child be in the school?,Was the child at school?  ,did the child be in the school?
did calvin his homework?,Did Calvin do his homework?  ,did calvin his homework?
i consider there a man in that garden.,I consider there to be a man in that garden.  ,i consider there a man in that garden.
john tries to meet not mary.,John tries not to meet Mary.  ,john tries to meet not mary.
"the more he reads, the more books i wonder to whom he will give.","The more he reads, the more I wonder to whom he will give the books.  ","the more he reads, the more books i wonder to whom he will give."
rich we have impeccable taste.,"We, being wealthy, have impeccable taste.  ",rich we have impeccable taste.
this flyer and that flyer differ apart.,This flyer and that flyer differ significantly.  ,this foyer and that foyer differ apart.
the men were struck by the idea as nonsense.,The men were struck by the idea as nonsensical.  ,the men were struck by the idea as nonsense.
we yelled ourselves.,We yelled at each other.  ,we yelled ourselves.
spray the wall with all the paint.,Spray the wall with all the paint.  ,spray the wall with all the paint.
the ball wriggled itself loose.,The ball wriggled itself loose.  ,the ball wriggled itself loose.
i only eat fish drunk raw.,I only eat raw fish when I am drunk.  ,i only eat fish drunk raw.
what does john wonder mary bought?,What does John wonder Mary buy?  ,what does john wonder mary bought?
"when bill smokes, much more does susan hate him.","When Bill smokes, Susan hates him even more.  ","when bill smokes, much more does susan hate him."
the boys were made a good mother.,The boys were made to appreciate a good mother.  ,the boys were made a good mother.
what the water did to the bottle was fill it.,What the water did to the bottle was fill it.  ,what the water did to the bottle was fill it.
"ron wanted to wear a tuxedo to the party, but caspar couldn't decide whether to.","Ron wanted to wear a tuxedo to the party, but Caspar couldn’t decide whether to wear one.  ","ron wanted to wear a tuxedo to the party, but caspar could't decide whether to."
john likes not mary.,John does not like Mary.  ,john likes not mary.
mary wonders that bill will come.,Mary wonders if Bill will come.  ,mary wonders that bill will come.
the socks are ready for for you to put on to be planned.,The socks are ready for you to put on.  ,the socks are ready for for you to put on to be planned.
i wonder who what bought?,I wonder who bought what.  ,i wonder who what bought?
"sally explained the attempt to arrest holly, but only after i had denied the decision to.","Sally explained the attempt to arrest Holly, but only after I had denied the decision to do so.  ","sally explained the attempt to arrest holly, but only after i had denied the decision to."
give the baby the bottle awake.,Give the baby the bottle while awake.  ,give the baby the bottle awake.
"i don't plan to lock the door, no matter how fancy this hotel.","I don’t plan to lock the door, no matter how fancy this hotel is.  ","i don't plan to lock the door, no matter how fancy this hotel."
john sounded very.,John sounded very confident.  ,john sounded very.
kim put in the box.,Kim placed it in the box.  ,kim put in the box.
"the harder it rains, how much faster a flow that do you see in the river?",The harder it rains; the faster the river's flow becomes.  ,"the harder it rains, how much faster a flow that do you see in the river?"
"the most you want, the least you eat.","The more you want, the less you eat.  ","the most you want, the least you eat."
you shouldn't play with rifles because play with rifles to is dangerous.,You shouldn’t play with rifles because it is dangerous to do so.  ,you should't play with rifles because play with rifles to is dangerous.
"it is important the more you eat, the more careful for you to be.","It is important that the more you eat, the more careful you should be.  ","it is important the more you eat, the more careful for you to be."
mary tried john to go abroad.,Mary tried to persuade John to go abroad.  ,mary tried john to go abroad.
mary's criticism him was cruel.,Mary’s criticism of him was cruel.  ,mary's criticism him was cruel.
which house does your friend live?,Which house does your friend live in?  ,which house does your friend live?
bill poorly recited his lines.,Bill poorly recited his lines.  ,bill poorly recited his lines.
what did you ask who medea gave?,What did you ask about whom Medea gave something to?  ,what did you ask who medea gave?
john gave bill of the book.,John gave Bill part of the book.  ,john gave bill of the book.
"bill seems to be obnoxious, but i don't think that sam tends.","Bill seems obnoxious, but I don't think that Sam tends to behave that way.  ","bill seems to be obnoxious, but i don't think that sam tends."
"i'll turn the radio down, but i won't up.","I’ll turn the radio down, but I won’t turn it up.  ","i'll turn the radio down, but i won't up."
"he seems to become more corrupt, the more lobbyists every senator talks to.",He seems to become more corrupt the more lobbyists every senator talks to.  ,"he seems to become more corrupt, the more lobbyists every senator talks to."
fruit dropped from the tree from the clouds.,Fruit dropped from the tree as if from the clouds.  ,fruit dropped from the tree from the clouds.
the more pictures of john that he buys the more arrogant he becomes.,"The more pictures of John he buys, the more arrogant he becomes.  ",the more pictures of john that he buys the more arrogant he becomes.
"the more people you say that will buy tickets, the happier i'll be.","The more people you say will buy tickets, the happier I’ll be.  ","the more people you say that will buy tickets, the happier i'll be."
i raw eat fish drunk.,I eat raw fish when I am drunk.  ,i raw eat fish drunk.
the men were arrested all.,All the men were arrested.  ,the men were arrested all.
i want that bill left to remain a secret.,I want Bill’s departure to remain a secret.  ,i want that bill left to remain a secret.
"the harder it rains, the faster who runs?","The harder it rains, the faster he runs.  ","the harder it rains, the faster who runs?"
he impresses his friends all as pompous.,He impresses all his friends as being pompous.  ,he impresses his friends all as pompous.
mary is fond him.,Mary is fond of him.  ,mary is fond him.
who did you ask whether mary knows why john likes?,Who did you ask whether Mary knows why John likes her?  ,who did you ask whether mary knows why john likes?
rusty talked about himself only after mary did talk about himself.,Rusty talked about himself only after Mary did the same.  ,rusty talked about himself only after mary did talk about himself.
the cup knocked the stone apart.,The cup knocked the stone apart.  ,the cup knocked the stone apart.
ellen said about the present conditions.,Ellen spoke about the present conditions.  ,ellen said about the present conditions.
"it is important the more you eat, the more careful to be.",It is important to be more careful the more you eat.  ,"it is important the more you eat, the more careful to be."
a man to be in the garden is unlikely.,It is unlikely that a man is in the garden.  ,a man to be in the garden is unlikely.
jessica crammed boxes at the truck.,Jessica loaded boxes into the truck.  ,jessica crammed boxes at the truck.
i wonder you ate how much.,I wonder how much you ate.  ,i wonder you ate how much.
"it is important for the more you to eat, the more careful for you to be.","It is important that the more you eat, the more careful you ought to be.  ","it is important for the more you to eat, the more careful for you to be."
"bill can well imagine the more he eats, the fatter getting.","Bill can imagine that the more he eats, the fatter he becomes.  ","bill can well imagine the more he eats, the fatter getting."
"i know which book mag read, and which book bob read my report that you hadn't.",I know which book Mag read and which book Bob referred to in his report that you hadn’t.  ,"i know which book mag read, and which book bob read my report that you had't."
they drank the pub.,They drank at the pub.  ,they drank the pub.
the more food mary knows a man that eats the poorer she gets.,"The more food Mary knows a man eats, the poorer she becomes.  ",the more food mary knows a man that eats the poorer she gets.
the lions ate raw the meat.,The lions ate the meat raw.  ,the lions ate raw the meat.
john was cost $10 by the book.,The book cost John $10.  ,john was cost $10 by the book.
which boy's did we elect guardian's employer president?,Whose guardian’s employer did we elect president?  ,which boy's did we elect guardian's employer president?
the chair pushed.,The chair was moved.  ,the chair pushed.
mary considered to have loved her.,Mary was considered to have loved him.  ,mary considered to have loved her.
the fort fluttered with many flags.,The fort was adorned with many flags.  ,the fort fluttered with many flags.
john seems that is nice.,John seems to be nice.  ,john seems that is nice.
"the more does bill smoke, the more susan hates him.","The more Bill smokes, the more Susan hates him.  ","the more does bill smoke, the more susan hates him."
the branch dropped bare of its apple.,The branch dropped bare of its apples.  ,the branch dropped bare of its apple.
"although mag doesn't eggplants, sally eats cabbage.","Although Mag doesn’t eat eggplants, Sally eats cabbage.  ","although mag does't eggplants, sally eats cabbage."
he belief that mary kissed bill is mistaken.,The belief that Mary kissed Bill is mistaken.  ,he belief that mary kissed bill is mistaken.
there is arriving three men at that station.,There are three men arriving at that station.  ,there is arriving three men at that station.
the writers didn't so believe the boy.,The writers did not believe the boy in such a way.  ,the writers did't so believe the boy.
he gets angry if john has to wait.,He gets angry if John has to wait.  ,he gets angry if john has to wait.
you shouldn't have played with rifles because to have is dangerous.,You shouldn’t have played with rifles because it was dangerous.  ,you should't have played with rifles because to have is dangerous.
"the more time that every senator spends with lobbyists, the more likely he succumbs to corruption.","The more time every senator spends with lobbyists, the more likely he is to succumb to corruption.  ","the more time that every senator spends with lobbyists, the more likely he succumbs to corruption."
heidi thinks that andy to eat salmon flavored candy bars.,Heidi thinks that Andy likes eating salmon-flavoured candy bars.  ,heidi thinks that andy to eat salmon flavored candy bars.
the house destroyed john.,The house was destroyed by John.  ,the house destroyed john.
john believes that him is sick.,John believes that he is sick.  ,john believes that him is sick.
how many people do you wonder whether i consider intelligent?,How many people do you wonder whether I consider intelligent?  ,how many people do you wonder whether i consider intelligent?
kim alienated cats and beating his dog.,Kim alienated cats and beat his dog.  ,kim alienated cats and beating his dog.
you shouldn't play with rifles because to is dangerous.,You shouldn’t play with rifles because it is dangerous.  ,you should't play with rifles because to is dangerous.
no one can forgive that comment to you.,No one can forgive you for that comment.  ,no one can forgive that comment to you.
"the more you eat, you want the more.","The more you eat, the more you want.  ","the more you eat, you want the more."
"it is important the more you to eat, the more careful to be.","It is important that the more you eat, the more careful you must be.","it is important the more you to eat, the more careful to be."
which article did terry file papers without reading?,Which article did Terry file without reading the papers?  ,which article did terry file papers without reading?
"he seems to become more corrupt, as every senator talks to more lobbyists.",He seems to become more corrupt as every senator talks to more lobbyists.  ,"he seems to become more corrupt, as every senator talks to more lobbyists."
kick you!,Get out of here!  ,kick you!
"he seems to become more corrupt, if every senator talks to more lobbyists.",He seems to become more corrupt if every senator talks to more lobbyists.  ,"he seems to become more corrupt, if every senator talks to more lobbyists."
"it is the folks up at corporate headquarters who the sooner you solve this problem, the more easily you'll satisfy.",It is the folks up at corporate headquarters who will be satisfied the sooner you solve this problem.  ,"it is the folks up at corporate headquarters who the sooner you solve this problem, the more easily you'll satisfy."
himself is understood by rutherford.,Rutherford is understood by himself.  ,himself is understood by rutherford.
the kids were failed as a father.,The kids were failed by Max in his role as a father.  ,the kids were failed as a father.
michelle kept the desk with the papers.,Michelle organized the desk with papers.  ,michelle kept the desk with the papers.
i detest him taking a bath.,I detest him taking a bath.  ,i detest him taking a bath.
here's a knife with which for you to cut up the onions.,Here’s a knife for you to use to cut the onions.  ,here's a knife with which for you to cut up the onions.
we proclaimed sincerely to the public john to be a hero.,We sincerely proclaimed John to be a hero to the public.  ,we proclaimed sincerely to the public john to be a hero.
the box at once contained the ball.,The box instantly contained the ball.  ,the box at once contained the ball.
bill is resembled by john.,John resembles Bill.  ,bill is resembled by john.
"the more that pictures of himself appear in the news, the more likely john is to get arrested.","The more pictures of himself that appear in the news, the more likely John is to get arrested.  ","the more that pictures of himself appear in the news, the more likely john is to get arrested."
john is impressed by bill as pompous.,John is impressed by Bill's pompous behaviour.  ,john is impressed by bill as pompous.
the dog barked out of the room.,The dog barked as it left the room.  ,the dog barked out of the room.
"it's we go to the meeting, that sally will tell us when.","When we go to the meeting, Sally will tell us what time to arrive.  ","it's we go to the meeting, that sally will tell us when."
"the more he eats, the fatter he goes to a doctor when he gets.","The more he eats, the more often he goes to the doctor.  ","the more he eats, the fatter he goes to a doctor when he gets."
this is a problem that you'll be able to tell the folks up at corporate headquarters to buzz off if you solve.,This is a problem that you will be able to tell the folks up at corporate headquarters to buzz off if you solve it.  ,this is a problem that you'll be able to tell the folks up at corporate headquarters to buzz off if you solve.
the cup filled of water.,The cup was filled with water.  ,the cup filled of water.
what mary did bill was give a book.,What Mary gave Bill was a book.  ,what mary did bill was give a book.
"which problem the sooner that you solve, will the more easily you satisfy the folks up at corporate headquarters?","The sooner you solve this problem, the more easily you will satisfy the folks at corporate headquarters.  ","which problem the sooner that you solve, will the more easily you satisfy the folks up at corporate headquarters?"
mary reported he to have loved her.,Mary reported that he had loved her.  ,mary reported he to have loved her.
"it is not entirely obvious if, mary listens to the grateful dead, she gets depressed.",It is not entirely obvious whether Mary listens to the Grateful Dead and gets depressed.  ,"it is not entirely obvious if, mary listens to the grateful dead, she gets depressed."
"the later it gets, the more people everyone who likes pays attention to.","The later it gets, the more attention everyone who likes pays.  ","the later it gets, the more people everyone who likes pays attention to."
students studying english reads conrad's heart of darkness while at university.,Students studying English read Conrad’s “Heart of Darkness” in university.  ,students studying english reads conrad's heart of darkness while at university.
which problem do you wonder whether john said that mary solved?,Which problem do you wonder whether John said that Mary solved?  ,which problem do you wonder whether john said that mary solved?
medea tried the nurse to poison her children.,Medea tried to poison her children through the nurse.  ,medea tried the nurse to poison her children.
"i can well imagine the more him eating, the fatter him getting.","I can easily imagine that the more he eats, the fatter he gets.  ","i can well imagine the more him eating, the fatter him getting."
the boys were made a good mother by aunt mary.,Aunt Mary made the boys appreciate a good mother.  ,the boys were made a good mother by aunt mary.
john would be liked to win.,John would be liked as the winner.  ,john would be liked to win.
sophie will theater.,Sophie will go to the theatre.  ,sophie will theater.
they represented seriously to the dean mary as a genuine linguist.,They seriously represented Mary to the dean as a genuine linguist.  ,they represented seriously to the dean mary as a genuine linguist.
john write books.,John writes books.  ,john write books.
the children amused.,The children were entertained.  ,the children amused.
i saw the men all.,I saw all the men.  ,i saw the men all.
"the more he eats, the fatter that that he gets really bothers me.","The more he eats, the more his weight bothers me.  ","the more he eats, the fatter that that he gets really bothers me."
"it is important the more you eat, the more careful you to be.","It is important that the more you eat, the more careful you must be.  ","it is important the more you eat, the more careful you to be."
sam stood near yesterday every one of the women we'd been discussing.,Sam stood near every one of the women we had been discussing yesterday.  ,sam stood near yesterday every one of the women we'd been discussing.
the tube was escaped by gas.,Gas escaped from the tube.  ,the tube was escaped by gas.
mickey teamed with the women up.,Mickey teamed up with the women.  ,mickey teamed with the women up.
the ship sank to collect the insurance.,The ship was sunk to collect the insurance.  ,the ship sank to collect the insurance.
how do you wonder whether john said mary solved the problem?,How do you wonder whether John said Mary solved the problem?  ,how do you wonder whether john said mary solved the problem?
i know a man who tom drives as drives.,I know a man who drives like Tom.  ,i know a man who tom drives as drives.
he washed yourself.,He washed himself.  ,he washed yourself.
"the richer he gets, the more john meets geniuses.",The richer he gets; the more John meets geniuses.  ,"the richer he gets, the more john meets geniuses."
we love their.,We love their company.  ,we love their.
the elevator rumbled itself to the ground.,The elevator rumbled its way to the ground.  ,the elevator rumbled itself to the ground.
many information was provided.,A lot of information was provided.  ,many information was provided.
"we gave him enough opportunity and, sure enough, every senator succumbed to corruption.","We gave him enough opportunity, and sure enough, every senator succumbed to corruption.  ","we gave him enough opportunity and, sure enough, every senator succumbed to corruption."
mary reported his to have loved her.,Mary reported his assertion that he loved her.  ,mary reported his to have loved her.
we yelled harry hoarse.,We yelled Harry hoarse.  ,we yelled harry hoarse.
rub the cloth on the baby asleep.,Rub the cloth on the baby while they are asleep.  ,rub the cloth on the baby asleep.
i visited every town in every country i had to.,I visited every town in every country that I needed to visit.  ,i visited every town in every country i had to.
i ate that she was happy,I ate while she was happy.  ,i ate that she was happy
john to call would be unlikely.,It would be unlikely for John to call.  ,john to call would be unlikely.
linda winked her lip.,Linda pursed her lips.  ,linda winked her lip.
"he seems to become more corrupt, the more lobbyists any senator talks to.",He seems to become more corrupt the more lobbyists any senator talks to.  ,"he seems to become more corrupt, the more lobbyists any senator talks to."
the problem's knowledge is quite thorough.,The understanding of the problem is quite thorough.  ,the problem's knowledge is quite thorough.
we proclaimed to the public john to be a hero.,We proclaimed John to be a hero to the public.  ,we proclaimed to the public john to be a hero.
paperback books lift onto the table easily.,Paperback books lift onto the table with ease.  ,paperback books lift onto the table easily.
who would you prefer for to win the race?,Who would you prefer to win the race?  ,who would you prefer for to win the race?
they caused him to become president by making him.,They made him president by supporting him.  ,they caused him to become president by making him.
the farm finally reached john after much litigation.,"After much litigation, John finally reached the farm.  ",the farm finally reached john after much litigation.
"the more obnoxious fred, the less attention you should pay to him.","The more obnoxious Fred becomes, the less attention you should pay to him.  ","the more obnoxious fred, the less attention you should pay to him."
i reviewed joe's attempt to find holly while you reviewed josã©'s attempt to.,"I reviewed Joe’s attempt to find Holly, while you reviewed José’s attempt to do the same.  ",i reviewed joe's attempt to find holly while you reviewed jose©'s attempt to.
"lilly decided eating cabbage, to be.",Lilly decided to eat cabbage.  ,"lilly decided eating cabbage, to be."
the monkey is ate the banana,The monkey ate the banana.  ,the monkey is ate the banana
john's mother likes himself.,John's mother likes him.  ,john's mother likes himself.
"while holly didn't discuss a report about every boy, she did every girl.","While Holly didn’t discuss a report about every boy, she discussed every girl.  ","while holly did't discuss a report about every boy, she did every girl."
we believed john to be a fountain in the park.,We believed John to be the fountain in the park.  ,we believed john to be a fountain in the park.
john tries to meet often mary.,John often tries to meet Mary.  ,john tries to meet often mary.
bill proud of himself john doesn't consider.,John doesn't consider Bill proud of himself.  ,bill proud of himself john does't consider.
"i demand that the more john eat, the more he pay.","I demand that the more John eats, the more he pays.  ","i demand that the more john eat, the more he pay."
"which problem does the sooner that you solve, the more easily you'll satisfy the folks up at corporate headquarters?","The sooner you solve the problem, the more easily you will satisfy the folks up at corporate headquarters.  ","which problem does the sooner that you solve, the more easily you'll satisfy the folks up at corporate headquarters?"
"he seems to become more corrupt, if any senator talks to more lobbyists.",He seems to become more corrupt if any senator talks to more lobbyists.  ,"he seems to become more corrupt, if any senator talks to more lobbyists."
the logs piled the barge high.,Logs were piled high on the barge.  ,the logs piled the barge high.
the road blocked with a stone.,The road was blocked by a stone.  ,the road blocked with a stone.
"mary claimed that intelligent, i consider holly not.",Mary claimed that Holly is not intelligent.  ,"mary claimed that intelligent, i consider holly not."
the boat sank to collect the insurance.,The boat was sunk to collect the insurance.  ,the boat sank to collect the insurance.
john paid me against the book.,John paid me back for the book.  ,john paid me against the book.
"mary claimed that have eaten cabbage, holly should.",Mary claimed that Holly should have eaten cabbage.  ,"mary claimed that have eaten cabbage, holly should."
"near everyone angleton did, dulles stood.","Near everyone Angleton stood, Dulles stood too.  ","near everyone angleton did, dulles stood."
"the more that john gets upset by them, the more that stories about himself seem to show up in the news.","The more John gets upset by the pictures, the more stories about him seem to show up in the news.  ","the more that john gets upset by them, the more that stories about himself seem to show up in the news."
"his expectations lower, the higher the stakes are.",His expectations lower as the stakes become higher.  ,"his expectations lower, the higher the stakes are."
"the younger woman might have been tall and, and the older one definitely was, blond.","The younger woman might have been tall, and the older one was definitely blond.  ","the younger woman might have been tall and, and the older one definitely was, blond."
frank promised the men all to leave.,Frank promised all the men that he would leave.  ,frank promised the men all to leave.
this is a problem that you solve it and you'll be able to tell the folks up at corporate headquarters to buzz off.,"This is a problem that if you solve it, you’ll be able to tell the folks up at corporate headquarters to buzz off.  ",this is a problem that you solve it and you'll be able to tell the folks up at corporate headquarters to buzz off.
john intimately spoke to mary.,John spoke to Mary intimately.  ,john intimately spoke to mary.
am not i going?,Am I not going?  ,am not i going?
anson became a muscle bound.,Anson became very muscular.  ,anton became a muscle bound.
"the more obnoxious fred, the less you should pay attention to him.","The more obnoxious Fred becomes, the less attention you should give him.  ","the more obnoxious fred, the less you should pay attention to him."
i can well imagine quickly mary answering the question.,I can easily imagine Mary answering the question quickly.  ,i can well imagine quickly mary answering the question.
fruit fell against the house against the ground.,Fruit fell against the house and then to the ground.  ,fruit fell against the house against the ground.
the witch went into the forest by vanishing.,The witch vanished into the forest.  ,the witch went into the forest by vanishing.
sally kissed himself.,Sally kissed herself.  ,sally kissed himself.
"this is the book which bob reviewed, and this is the one which fred won't do it.","This is the book Bob reviewed, and this is the one Fred won’t review.  ","this is the book which bob reviewed, and this is the one which fred won't do it."
what did you ask who saw?,Who did you ask about seeing someone?  ,what did you ask who saw?
sue gave to bill a book.,Sue gave Bill a book.  ,sue gave to bill a book.
they alleged many strangers to have been in that garden.,They alleged that many strangers had been in that garden.  ,they alleged many strangers to have been in that garden.
"it is important the more you to eat, the more careful for you to be.","It is important that the more you eat, the more careful you are.  ","it is important the more you to eat, the more careful for you to be."
john would be hated to win.,John would be disliked if he won.  ,john would be hated to win.
fruit at once hit the roof against the ground.,Fruit immediately hit the roof and fell to the ground.  ,fruit at once hit the roof against the ground.
"mary came to read fred's story, and i also came to.","Mary came to read Fred’s story, and I also came to read it.  ","mary came to read fred's story, and i also came to."
i shaped a loaf.,I shaped a loaf of bread.  ,i shaped a loaf.
what the water did to the whole bottle was fill it.,What the water did to the entire bottle was fill it.  ,what the water did to the whole bottle was fill it.
we proved conclusively to the authorities smith to be the thief.,We conclusively proved to the authorities that Smith was the thief.  ,we proved conclusively to the authorities smith to be the thief.
packages drive easily to new york.,Packages are easily delivered to New York.  ,packages drive easily to new york.
i enjoy him taking a bath.,I enjoy him taking a bath.  ,i enjoy him taking a bath.
"mary claimed that eating cabbage, holly started.",Mary claimed that Holly started eating cabbage.  ,"mary claimed that eating cabbage, holly started."
who does john visit sally because he likes?,Whom does John visit because he likes Sally?  ,who does john visit sally because he likes?
there seemed to be intelligent.,There seemed to be intelligence present.  ,there seemed to be intelligent.
i lent the book partway to tony.,I lent the book to Tony partway.  ,i lent the book partway to tony.
i wonder what who bought?,I wonder what was bought by whom.  ,i wonder what who bought?
john is easy to please kim.,John is easy for Kim to please.  ,john is easy to please kim.
the cup filled the water high.,The cup was filled with water to the top.  ,the cup filled the water high.
john perfectly rolled the ball down the hill.,John rolled the ball down the hill perfectly.  ,john perfectly rolled the ball down the hill.
there is too likely to be a riot to be a serious discussion of the issues.,The likelihood of a riot is too high for a serious discussion of the issues.  ,there is too likely to be a riot to be a serious discussion of the issues.
you give every senator enough opportunity and he will succumb to corruption.,"If you give every senator enough opportunity, he will succumb to corruption.  ",you give every senator enough opportunity and he will succumb to corruption.
what the stone did to the wall was hit it.,What the stone did to the wall was hit it.  ,what the stone did to the wall was hit it.
wind was gotten of a plot to negotiate an honorable end to the war in vietnam.,Word got out about a plot to negotiate an honourable end to the Vietnam War.  ,wind was gotten of a plot to negotiate an honorable end to the war in vietnam.
how fierce the battle?,How fierce was the battle?  ,how fierce the battle?
she goes and buying some whiskey.,She went to buy some whiskey.  ,she goes and buying some whiskey.
was sunk.,It sank.  ,was sunk.
"the more he eats, the poorer he knows a woman that gets.","The more he eats, the poorer the woman he knows gets.  ","the more he eats, the poorer he knows a woman that gets."
"put a picture of bill on your desk before tomorrow, this girl in the red coat will put a picture of bill on your desk before tomorrow.","Before tomorrow, this girl in the red coat will put a picture of Bill on your desk.  ","put a picture of bill on your desk before tomorrow, this girl in the red coat will put a picture of bill on your desk before tomorrow."
the monkeys proud of their leader.,The monkeys are proud of their leader.  ,the monkeys proud of their leader.
john wonders where him to go.,John wonders where he should go.  ,john wonders where him to go.
the children eat all chocolate.,The children eat all the chocolate.  ,the children eat all chocolate.
the stone knocked against the pole into the road.,The stone knocked against the pole onto the road.  ,the stone knocked against the pole into the road.
brian threw the fence with the stick.,Brian threw the stick over the fence.  ,brian threw the fence with the stick.
the ship's sinking to collect the insurance was very devious.,The sinking of the ship to collect the insurance was very devious.  ,the ship's sinking to collect the insurance was very devious.
fruit hit the roof against the ground.,Fruit hit the roof and then fell to the ground.  ,fruit hit the roof against the ground.
the proof this set is recursive is difficult.,Proving this set is recursive is challenging.  ,the proof this set is recursive is difficult.
"mary claimed that eat cabbage, holly made me.",Mary claimed that Holly made me eat cabbage.  ,"mary claimed that eat cabbage, holly made me."
"i can well imagine if he eats more, him getting fat.","I can easily imagine that if he eats more, he will gain weight.  ","i can well imagine if he eats more, him getting fat."
which topic did you get bored because mary talked about?,Which topic did you get bored with because Mary talked about it?  ,which topic did you get bored because mary talked about?
john wanted to leave the room happy and leave the room he did happy.,"John wanted to leave the room happily, and leave the room he did happily.  ",john wanted to leave the room happy and leave the room he did happy.
mary intended john to go abroad.,Mary intended for John to go abroad.  ,mary intended john to go abroad.
which report that john was incompetent did he submit?,Which report did John submit that claimed he was incompetent?  ,which report that john was incompetent did he submit?
"i'm going out, wherever that hurricane.","I’m going out, regardless of the hurricane.  ","i'm going out, wherever that hurricane."
"mary claimed that would eat cabbage, holly.",Mary claimed that Holly would eat cabbage.  ,"mary claimed that would eat cabbage, holly."
"the louder who talks, the angrier you get?","The louder someone talks, the angrier you get.  ","the louder who talks, the angrier you get?"
the maple changed into an oak from a cedar.,The maple tree changed into an oak instead of a cedar.  ,the maple changed into an oak from a cedar.
"my uncle didn't buy anything for christmas, but my aunt did it for him and it was bright red.","My uncle didn’t buy anything for Christmas, but my aunt did, and it was bright red.  ","my uncle did't buy anything for christmas, but my aunt did it for him and it was bright red."
"clearly, john perfectly will immediately learn french probably.","Clearly, John will immediately learn French perfectly.  ","clearly, john perfectly will immediately learn french probably."
my mother is easy to please my father and.,"My mother is easy to please, and so is my father.  ",my mother is easy to please my father and.
the kids were failed by max as a father.,Max failed the kids as a father.  ,the kids were failed by max as a father.
"you get angrier, the more we eat, don't we.","The more we eat, the angrier you seem to get, don’t you?  ","you get angrier, the more we eat, don't we."
us love they.,We love them.  ,us love they.
"the harder it has rained, how much faster a flow that appears in the river?","The harder it rains, the faster the river flows.  ","the harder it has rained, how much faster a flow that appears in the river?"
$10 was cost by this book.,This book cost $10.  ,$10 was cost by this book.
we proclaimed sincerely john to be a hero.,We sincerely proclaimed John to be a hero.  ,we proclaimed sincerely john to be a hero.
the fatter he goes to a doctor when he gets the more he eats.,"The fatter he gets, the more often he goes to the doctor.  ",the fatter he goes to a doctor when he gets the more he eats.
mickey looked up it.,Mickey looked it up.  ,mickey looked up it.
kim depends for sandy.,Kim depends on Sandy.  ,kim depends for sandy.
us love their.,We love their actions.  ,us love their.
we proved to the authorities smith to be the thief.,We proved to the authorities that Smith was the thief.  ,we proved to the authorities smith to be the thief.
we love they.,We love them.  ,we love they.
john spoke intimately french to mary.,John spoke French to Mary intimately.  ,john spoke intimately french to mary.
they tried all to like john.,They all tried to like John.  ,they tried all to like john.
marianne not left.,Marianne has not left.  ,marianne not left.
the cup filled water.,The cup was filled with water.  ,the cup filled water.
they have no in.,They have none in. ? They have nothing to add.  ,they have no in.
"although i don't know which book sam did, i do know which book sally read.","Although I don’t know which book Sam read, I do know which book Sally read.  ","although i don't know which book sam did, i do know which book sally read."
john perfectly learned french.,John learned French perfectly.  ,john perfectly learned french.
"i did not, as bill had thought, go to the store.","I did not go to the store, as Bill had thought.  ","i did not, as bill had thought, go to the store."
i hit that you knew the answer.,I hit upon the fact that you knew the answer.  ,i hit that you knew the answer.
they made him to exhaustion.,They exhausted him.  ,they made him to exhaustion.
the box gradually contained the ball.,The box slowly came to contain the ball.  ,the box gradually contained the ball.
any man didn't eat dinner.,No man ate dinner.  ,any man did't eat dinner.
what the hell do you wonder how to say?,What do you wonder is the proper way to say this?  ,what the hell do you wonder how to say?
fed knows which politician her to vote for.,Fred knows which politician she should vote for.  ,fed knows which politician her to vote for.
neither of students failed.,Neither of the students failed.  ,neither of students failed.
"it is important for the more you eat, the more careful to be.","It is important that as you eat more, you remain careful.  ","it is important for the more you eat, the more careful to be."
he hit the ball.,He hit the ball.  ,he hit the ball.
john wagered a stranger to have been in that haunted house.,John wagered that a stranger had been in the haunted house.  ,john wagered a stranger to have been in that haunted house.
"it is important for the more you eat, the more careful you to be.","It is important that the more you eat, the more careful you should be.  ","it is important for the more you eat, the more careful you to be."
that fred was unpopular nominated bill.,Fred’s unpopularity caused Bill’s nomination.  ,that fred was unpopular nominated bill.
"the fatter that that he gets bothers him, the more he eats.","The more he eats, the more he gets bothered by his weight.  ","the fatter that that he gets bothers him, the more he eats."
i saw bill while you did so mary.,I saw Bill while you saw Mary.  ,i saw bill while you did so mary.
any trouble is what i don't want.,I don’t want any trouble.  ,any trouble is what i don't want.
"bill seems to be obnoxious, but i don't think that sam happens.","Bill seems obnoxious, but I don't think that Sam is the same way.  ","bill seems to be obnoxious, but i don't think that sam happens."
john to love mary would be doubtful.,It would be doubtful for John to love Mary.  ,john to love mary would be doubtful.
i aren't going.,I am not going.  ,i are't going.
the men were promised to leave.,The men were promised they could leave.  ,the men were promised to leave.
water emptied the cup.,Water filled the cup.  ,water emptied the cup.
a proof that god does exists.,A proof that God does exist exists.  ,a proof that god does exists.
"i demand that john pays more, the more he eat.",I demand that John pay more as he eats more.  ,"i demand that john pays more, the more he eat."
the jeweller scribbled the contract with his name.,The jeweller signed the contract.  ,the jeweler scribbled the contract with his name.
"the candidate was dogged by charges of infidelity, or at least trying to.","The candidate was dogged by charges of infidelity, or at least by attempts to discredit them.  ","the candidate was dogged by charges of infidelity, or at least trying to."
john will rain tomorrow.,It will rain tomorrow.  ,john will rain tomorrow.
my heart is pounding me.,My heart is pounding.  ,my heart is pounding me.
lilly recounted a story to be remembered because holly had recounted a story to be.,Lilly recounted a story to be remembered because Holly had also recounted a memorable story.  ,lilly recounted a story to be remembered because holly had recounted a story to be.
cynthia chewed.,Cynthia chewed thoughtfully.  ,cynthia chewed.
max failed the kids all as a father.,Max failed all the kids as a father.  ,max failed the kids all as a father.
mary believed he to have loved her.,Mary believed him to have loved her.  ,mary believed he to have loved her.
the kennel which mary made and fido sleeps has been stolen.,The kennel that Mary made and where Fido sleeps has been stolen.  ,the kennel which mary made and fido sleeps has been stolen.
this building is than that one.,This building is taller than that one.  ,this building is than that one.
the more carefully he knows a man that worded the letter the safer he'll be.,"The more carefully he knows a man who worded the letter, the safer he’ll be.  ",the more carefully he knows a man that worded the letter the safer he'll be.
the writers so believed the boy.,The writers believed the boy in such a way.  ,the writers so believed the boy.
the panther's the coat is dark black.,The panther's coat is jet black.  ,the panther's the coat is dark black.
there presented itself a wonderful opportunity yesterday.,A wonderful opportunity presented itself yesterday.  ,there presented itself a wonderful opportunity yesterday.
dry the baby with the cloth torn.,Dry the baby with the torn cloth.  ,dry the baby with the cloth torn.
mary beautifully plays the violin.,Mary plays the violin beautifully.  ,mary beautifully plays the violin.
the building's the roof is leaking.,The roof of the building is leaking.  ,the building's the roof is leaking.
"sally made bill laugh, and then josã© made.","Sally made Bill laugh, and then José did as well.  ","sally made bill laugh, and then jose© made."
i inquired when could we leave.,I inquired when we could leave.  ,i inquired when could we leave.
herman whipped the sugar and the cream.,Herman whipped the sugar and cream together.  ,herman whipped the sugar and the cream.
the more people i ask what he will give to the more he reads.,"The more people I ask, the more I wonder what he will give them.  ",the more people i ask what he will give to the more he reads.
there is strangers in that garden.,There are strangers in that garden.  ,there is strangers in that garden.
"the more you would want, the less you would eat.","The more you desire, the less you eat.  ","the more you would want, the less you would eat."
i can't remember the name of somebody who had misgivings.,I can’t remember the name of someone who had misgivings.  ,i can't remember the name of somebody who had misgivings.
john thinks that mary loves himself.,John thinks that Mary loves him.  ,john thinks that mary loves himself.
"i know which book josã© didn't read for class, and which book lilly did it for him.",I know which book José didn’t read for class and which one Lilly read for him.  ,"i know which book jose© did't read for class, and which book lilly did it for him."
harry coughed us into a fit.,Harry’s coughing fit affected us all.  ,harry coughed us into a fit.
john seems will win.,John seems like he will win.  ,john seems will win.
who do you think that believes john to be innocent?,Who do you think believes that John is innocent?  ,who do you think that believes john to be innocent?
john offers many advice.,John gave a lot of advice.  ,john offers many advice.
in general that he understands what's going on is surprising.,"That he understands what is going on is, in general, surprising.  ",in general that he understands what's going on is surprising.
john seems that it is likely to win.,John seems likely to win.  ,john seems that it is likely to win.
i can well imagine with a hatchet mary destroying the jeep.,I can easily imagine Mary destroying the Jeep with a hatchet.  ,i can well imagine with a hatchet mary destroying the jeep.
headway was unmade.,Progress was undone.  ,headway was unmade.
i live at the place where route 150 crosses the hudson river and my dad lives at it too.,"I live where Route 150 crosses the Hudson River, and my dad lives there too.  ",i live at the place where route 150 crosses the hudson river and my dad lives at it too.
kim and terry is happy.,Kim and Terry are happy.  ,kim and terry is happy.
"mary claimed that hasn't eaten cabbage, holly.",Mary claimed that Holly hasn’t eaten cabbage.  ,"mary claimed that has't eaten cabbage, holly."
jack is the person with whom jenny fell in love with.,Jack is the person with whom Jenny fell in love.  ,jack is the person with whom jenny fell in love with.
mary thinks that john said that susan likes pictures of himself?,Mary thinks that John said that Susan likes pictures of himself.  ,mary thinks that john said that susan likes pictures of himself?
"i know which book mag read, and which book bob discussed after i had.","I know which book Mag read, and which book Bob discussed after I had discussed it.  ","i know which book mag read, and which book bob discussed after i had."
"i finally worked up enough courage to ask which people up at corporate headquarters the sooner i solve this problem, the quicker i'll get free of.",I finally worked up enough courage to ask which people up at corporate headquarters will be satisfied the sooner I solve this problem.  ,"i finally worked up enough courage to ask which people up at corporate headquarters the sooner i solve this problem, the quicker i'll get free of."
10 lb was weighed by the package.,The package weighed 10 lbs.  ,10 lb was weighed by the package.
"the more pictures mary looked at, she got angrier and angrier.","The more pictures Mary looked at, the angrier she became.  ","the more pictures mary looked at, she got angrier and angrier."
lilly recounted a story to remember because holly had also recounted a story to.,Lilly recounted a story to remember because Holly had also recounted a memorable story.  ,lilly recounted a story to remember because holly had also recounted a story to.
"no writer, and no playwright, meets in vienna.",No writer or playwright meets in Vienna.  ,"no writer, and no playwright, meets in vienna."
truman told the story bob.,Truman told Bob the story.  ,truman told the story bob.
the bookcase ran,The bookcase toppled over.  ,the bookcase ran
mickey slips all the time up.,Mickey frequently slips up.  ,mickey slips all the time up.
lora buttered at the toast.,Lora spread butter on the toast.  ,lora buttered at the toast.
marianne left not.,Marianne did not leave.  ,marianne left not.
the mayor regarded as being absurd the proposal to build a sidewalk from dartmouth to smith.,The mayor regarded the proposal to build a sidewalk from Dartmouth to Smith as absurd.  ,the mayor regarded as being absurd the proposal to build a sidewalk from dartmouth to smith.
the lions ate at the meat raw.,The lions ate the meat raw.  ,the lions ate at the meat raw.
"they failed to tell me which problem i'll beat the competition more easily, the sooner i solve.",They failed to tell me which problem I will beat the competition more easily by solving.  ,"they failed to tell me which problem i'll beat the competition more easily, the sooner i solve."
"we wanted to invite someone, but we couldn't decide who to.",We wanted to invite someone but couldn’t decide who.  ,"we wanted to invite someone, but we could't decide who to."
mary desired john to go abroad.,Mary desired John to go abroad.  ,mary desired john to go abroad.
mickey pointed that gary had left out.,Mickey pointed out that Gary had left.  ,mickey pointed that gary had left out.
i gave mary after the party a book.,I gave Mary a book after the party.  ,i gave mary after the party a book.
mary revealed himself to john.,Mary revealed herself to John.  ,mary revealed himself to john.
"the harder it rains, how much faster that do you run?","The harder it rains, the faster you must run.  ","the harder it rains, how much faster that do you run?"
how do you wonder whether john said that mary solved the problem?,How do you wonder whether John said that Mary solved the problem?  ,how do you wonder whether john said that mary solved the problem?
"sally started running down the street, but only after josã© started.","Sally started running down the street, but only after José started.  ","sally started running down the street, but only after jose© started."
mary came to be introduced by the bartender and i also came to be.,"Mary was introduced by the bartender, and I was also introduced.  ",mary came to be introduced by the bartender and i also came to be.
how intelligent do you wonder whether i consider john?,How intelligent do you wonder whether I consider John?,how intelligent do you wonder whether i consider john?
"when bill smokes, all the more susan hates him.","When Bill smokes, Susan hates him even more.  ","when bill smokes, all the more susan hates him."
"because she's so pleasant, as for mary i really like her.",Mary is so pleasant that I really like her.  ,"because she's so pleasant, as for mary i really like her."
"i know which book mag read, and which book bob asked why you hadn't.","I know which book Mag read, and which book Bob asked why you hadn’t read.  ","i know which book mag read, and which book bob asked why you had't."
mary managed john to go abroad.,Mary managed to convince John to go abroad.  ,mary managed john to go abroad.
"the more everyone eat, the more john keeps his big mouth shut about it, ok?","The more everyone eats, the more John refrains from talking about it, okay?  ","the more everyone eat, the more john keeps his big mouth shut about it, ok?"
which girl did mike quip never wore this hat?,Which girl did Mike joke never wore this hat?  ,which girl did mike quip never wore this hat?
how do you wonder whether mary solved the problem?,How do you wonder whether Mary solved the problem?  ,how do you wonder whether mary solved the problem?
i explained to fix the sink.,I explained how to fix the sink.  ,i explained to fix the sink.
john is being discussed and sally is being too.,"John is being discussed, and so is Sally.  ",john is being discussed and sally is being too.
i won't have some money.,I don’t have any money.  ,i won't have some money.
john is wanted to win.,John is wanted to succeed.  ,john is wanted to win.
she yelled hoarse.,She yelled until she was hoarse.  ,she yelled hoarse.
the farmer dumped the cart with apples.,The farmer dumped the cart full of apples.  ,the farmer dumped the cart with apples.
the box contained the ball from the tree.,The box contained the ball that fell from the tree.  ,the box contained the ball from the tree.
a pound was weighed by the book.,A pound was measured by the book.  ,a pound was weighed by the book.
this building is taller and taller.,This building is getting taller and taller.  ,this building is taller and taller.
you should sit before there.,You should sit down before that.  ,you should sit before there.
mary runs often the marathon.,Mary often runs the marathon.  ,mary runs often the marathon.
"every student, and he wears socks, is a swinger.",Every student who wears socks is a swinger.  ,"every student, and he wears socks, is a swinger."
what the stone did to the whole wall was hit it.,What the stone did to the entire wall was hit it.  ,what the stone did to the whole wall was hit it.
a proof that the claim had been made was given that john had lied.,Proof was provided that the claim had been made that John had lied.  ,a proof that the claim had been made was given that john had lied.
she hit the ball.,She hit the ball.  ,she hit the ball.
the professor talked us.,The professor spoke to us.  ,the professor talked us.
who is he reading a book that criticizes?,Who is he reading a book that criticizes?  ,who is he reading a book that criticizes?
a man to come is unlikely.,It is unlikely for a man to come.  ,a man to come is unlikely.
blue leather shows herself that betsy is pretty.,Blue leather shows that Betsy is pretty.  ,blue leather shows herself that betsy is pretty.
mary considered his to have loved her.,Mary considered his claim that he loved her.  ,mary considered his to have loved her.
truman visited yesterday you.,Truman visited you yesterday.  ,truman visited yesterday you.
"only churchill remembered churchill giving the blood, sweat and tears speech.","Only Churchill remembered Churchill giving the ""Blood, Sweat, and Tears"" speech.  ","only churchill remembered churchill giving the blood, sweat and tears speech."
